LOC_BLANK,BRANCH_COUNT
0.234567,10000000.12345
2,9
2.345, 6.789
2.111, 6.999
2.999999999, 6.4444444444444
2.11111111111111111, 6.555555555
0.23456789, 0.2345671111111
1.111111111111, 2.3456789
0.01111111,1000000000.111
100000000000000111,0.00000000000000001234
0.0000000000000000000000000012345567, 1
-2.3333, -5


,123


1, 1.2
10000.15,1
111,23
100.123456, 1000.123456
10000.123456, 100000.123456
1000000.123456, 10000000.123456
