Hours,Turbines,Fissures,Proportion
400,39,0,0
1000,53,4,0.07547169811
1400,33,2,0.06060606061
1800,73,7,0.09589041096
2200,30,5,0.1666666667
2600,39,9,0.2307692308
3000,42,9,0.2142857143
3400,13,6,0.4615384615
3800,34,22,0.6470588235
4200,40,21,0.525
4600,36,21,0.5833333333