varA,varB,varC,varD,varE,varF,Group
,4.20833,3.9375,3.95833,3.45833,3.33333,0
2.60417,,3.95833,3.39583,3.20833,3.22917,1
2.8125,2.89583,,2.75,3.5,2.89583,0
2.89583,3.5625,3.52083,,2.79167,3.5625,1
3.02083,3.33333,4.02083,3.20833,,,0
2.52083,3.29167,3.4375,3.70833,2.5,3.70833,1
2.35417,4.41667,4.58333,3.0625,3.33333,3.0625,0
2.52083,3.5,2.89583,3.66667,3.0625,3.66667,1
3.10417,3.8125,4.0625,3.77083,2.83333,3.77083,0